"Method","count"
"",8
"??",1
"attention questionnaire",1
"attitude questionnaire",2
"Attitude questionnaire",1
"attitude towards bat questionnaire",1
"behavior intentions questionnaire",1
"behavioral intention questionnaire",5
"clicking reaction button",1
"co-benefit questionnaire",1
"cognitive ability questiionnaire",1
"cognitive load questionnaire",1
"collective guilt questionnaire",1
"Commenting",1
"credibility questionnaire",2
"credibility scale",1
"efficacy belief questionnaire",1
"efficacy measure",1
"emotion",1
"emotion indicator slide",1
"emotion questionnaire",4
"emotion response",1
"emotions questionnaire",4
"engagement questionnaire",1
"eye tracking",1
"free-listing",1
"global warming belief scale",1
"group questionnaire",1
"heart rate sensors",1
"Image-sorting Q-method",1
"information-seeking questionnaire",2
"information accessbility questionnaire",1
"information intention questionnaire",1
"information recall",1
"intention questionnaire",1
"intention to engage questionnaire",1
"intention to mitigate questionnaire",2
"intention to participate questionnaire",2
"intention to seek information",1
"Interview",1
"involvement questionnaire",1
"judgment questionnaire",1
"knowledge and belief questionnaire",1
"Literature review",2
"memory",1
"observed behavior in choice of apple",1
"observed choice of MP3",1
"observed exposure",1
"observed time invested in information-processing",1
"open-ended question",1
"Open question self-report",1
"open/closed questions",1
"participation questionnaire",1
"perceived benefit questionnaire",1
"perceived competence",1
"perceived distance questionnaire",1
"perceived efficacy",1
"perceived expertise",2
"perceived hope",1
"perceived knowledge questionnaire",1
"perceived likeability",1
"perceived message quality",1
"perceived severity",1
"perceived severity questionnaire ",1
"perceived threat",1
"perceived threat questionnaire",1
"perceived trustworthiness",1
"perceived uncertainty",1
"Perception of consensus questionnaire",1
"perception of risk questionnaire",1
"policy support questionnaire",5
"pre- and post-survey",1
"probability of risk scenarios",1
"psychological distance questionnaire",1
"Q-method",1
"q-methodology",1
"questionnaire",1
"Questionnaire",35
"reasoning ability test",1
"recall test",1
"risk perception",2
"risk perception questionnaire",10
"risk perception Questionnaire",1
"Risk perception questionnaire",1
"Science understanding questionnaire",1
"scientific understanding questionnaire",1
"self-report questionnaire",1
"shareing post",1
"support",1
"support for environmental groups",1
"support questionnaire",2
"Telephone interview",1
"threat perception questionnaire",1
"transportation questionnaire",2
"trust questionnaire",2
"understanding questionnaire",1
"Visitors' questionnaire",1
"willingness to sacrifice questionnaire",1
